tool,ind_sub,group_name,subgroup,es.mean,es.lower,es.upper,pval,I2,p_subgroup,n_study,n_obs,p.star,design
PANAS,Negative Affect,,Overall,-0.30297224535956946,-0.39407566484520246,-0.21186882587393646,2.41e-8,0.53,NA,48,4636,***,exp
PANAS,Positive Affect,,Overall,0.3575262547676918,0.27996338527943665,0.4350891242559469,0,0.29,NA,46,4500,***,exp
POMS,Anger,,Overall,-0.6563970966878275,-0.7945588930945948,-0.5182353002810602,0,0.82,NA,104,12820,***,exp
POMS,Anxiety,,Overall,-0.876643164005322,-1.025796897220232,-0.7274894307904121,0,0.87,NA,106,12890,***,exp
POMS,Confusion,,Overall,-0.868322732540544,-1.0233580909676614,-0.7132873741134267,0,0.89,NA,102,12710,***,exp
POMS,Depression,,Overall,-0.5995279640993858,-0.7233718596697373,-0.47568406852903433,0,0.83,NA,104,12820,***,exp
POMS,Fatigue,,Overall,-0.7478029077655527,-0.8656731093546992,-0.6299327061764062,0,0.83,NA,106,12894,***,exp
POMS,TMD,,Overall,-0.7340028886673431,-0.8997483905346113,-0.5682573868000749,0,0.86,NA,56,8720,***,exp
POMS,Vigor,,Overall,1.4188648649475384,1.0553925185895794,1.7823372113054974,0,0.94,NA,104,12730,***,exp
PSS,Stress,,Overall,-0.31128820060386964,-0.4705996458157753,-0.15197675539196398,8.299503e-4,0.46,NA,16,1898,***,exp
ROS,Restorative Effect,,Overall,1.2935254693749723,1.09895412345676,1.4880968152931846,0,0.91,NA,90,14445,***,exp
STAI,Anxiety,,Overall,-0.9477022184957953,-1.2222553645426681,-0.6731490724489224,2.55e-8,0.97,NA,39,8374,***,exp
SVS,Vitality,,Overall,1.3517404621790976,1.0467620979457173,1.656718826412478,0,0.92,NA,61,10481,***,exp
PANAS,Negative Affect,age_group,Young adults,-0.30533582157176736,-0.4403459169745135,-0.17032572616902125,8.0061e-5,0.63,0.9668640962,28,NA,***,exp
PANAS,Negative Affect,age_group,Adults,-0.28414343971256417,-0.4105941163298168,-0.15769276309531152,2.724113e-4,0.21,0.9668640962,15,NA,***,exp
PANAS,Negative Affect,age_group,Older adults,-0.30681373598538536,-0.6562239634543989,0.04259649148362821,0.0713645171,0.55,0.9668640962,5,NA,,exp
PANAS,Positive Affect,age_group,Young adults,0.38917099949447226,0.28087038929516817,0.49747160969377635,6.24e-8,0.3,0.0151269474,28,NA,***,exp
PANAS,Positive Affect,age_group,Adults,0.382917478065351,0.22833754863266448,0.5374974074980374,1.607993e-4,0.33,0.0151269474,13,NA,***,exp
PANAS,Positive Affect,age_group,Older adults,0.18133512421569986,0.022985151322381825,0.3396850971090179,0.0335526112,0,0.0151269474,5,NA,*,exp
PANAS,Negative Affect,density_class,Medium density,-0.2691417935426229,-0.3957370727851329,-0.14254651430011286,1.97004e-4,0.52,0.2809654973,25,NA,***,exp
PANAS,Negative Affect,density_class,High density,-0.4563906170658727,-0.7243891155826252,-0.1883921185491202,0.0032200367,0.6,0.2809654973,12,NA,**,exp
PANAS,Negative Affect,density_class,Low density,-0.15281566758727136,-0.5111932108843401,0.20556187570979742,0.4032968589,NA,0.2809654973,1,NA,,exp
PANAS,Positive Affect,density_class,Medium density,0.3916970561959962,0.2848051267935554,0.498588985598437,8.41e-8,0.26,0.1164201117,25,NA,***,exp
PANAS,Positive Affect,density_class,High density,0.5898181421175621,0.37366909153515626,0.805967192699968,1.641317e-4,0.16,0.1164201117,10,NA,***,exp
PANAS,Positive Affect,density_class,Low density,0.24989006621169674,-0.10938748004893656,0.60916761247233,0.1728121395,NA,0.1164201117,1,NA,,exp
PANAS,Negative Affect,duration_group,>45,-0.5987592560936355,-1.0505167694787607,-0.14700174270851024,0.0176173963,0.6,0.1823401171,7,NA,*,exp
PANAS,Negative Affect,duration_group,16-45,-0.2508080154421377,-0.34180859279925857,-0.15980743808501685,1.47228e-5,0,0.1823401171,20,NA,***,exp
PANAS,Negative Affect,duration_group,<= 15,-0.2851179249892054,-0.4309022032658093,-0.13933364671260154,5.839957e-4,0.63,0.1823401171,21,NA,***,exp
PANAS,Positive Affect,duration_group,>45,0.7271007010380068,0.34326387197605995,1.1109375300999538,0.0035583791,0.39,0.0370464382,7,NA,**,exp
PANAS,Positive Affect,duration_group,16-45,0.33272006664177356,0.2309397981521918,0.43450033513135533,1.5735e-6,0.02,0.0370464382,20,NA,***,exp
PANAS,Positive Affect,duration_group,<= 15,0.3077515448560474,0.21049504345485717,0.40500804625723763,3.0731e-6,0.11,0.0370464382,19,NA,***,exp
PANAS,Negative Affect,exposure_o2,L4 - physical activity in nature,-0.24348848701530915,-0.32783597484269633,-0.15914099918792196,1.0872e-6,0.31,2.09846e-5,37,NA,***,exp
PANAS,Negative Affect,exposure_o2,L4 - stay static in nature,-0.41163340186836167,-0.6763026034857879,-0.14696420025093548,0.0065331036,0.61,2.09846e-5,10,NA,**,exp
PANAS,Negative Affect,exposure_o2,L5 - nature participatory activities,-1.1492312221435448,-1.5331606141561307,-0.7653018301309589,4.4e-9,NA,2.09846e-5,1,NA,***,exp
PANAS,Positive Affect,exposure_o2,L4 - physical activity in nature,0.32396288216080105,0.24450896374443643,0.40341680057716567,8e-10,0.19,0.0086790291,37,NA,***,exp
PANAS,Positive Affect,exposure_o2,L4 - stay static in nature,0.427568071801821,0.20799607498717904,0.647140068616463,0.0024707429,0.22,0.0086790291,8,NA,**,exp
PANAS,Positive Affect,exposure_o2,L5 - nature participatory activities,0.9023421893480139,0.5292809963833234,1.2754033823127044,2.1302e-6,NA,0.0086790291,1,NA,***,exp
PANAS,Negative Affect,gender_group,Gender Balance,-0.5215264585747204,-0.8662336028576652,-0.1768193142917756,0.0090053408,0.74,0.2246828637,8,NA,**,exp
PANAS,Negative Affect,gender_group,Female > 60%,-0.2551992366844372,-0.37103461564254203,-0.1393638577263324,1.3141e-4,0.47,0.2246828637,25,NA,***,exp
PANAS,Negative Affect,gender_group,Male > 60%,-0.2580179735073342,-0.4866054976102766,-0.029430449404391795,0.0314756277,0.42,0.2246828637,9,NA,*,exp
PANAS,Positive Affect,gender_group,Gender Balance,0.6098179326076993,0.36364156993554275,0.8559942952798559,6.257884e-4,0.43,0.027895388899999998,8,NA,***,exp
PANAS,Positive Affect,gender_group,Female > 60%,0.3095253525965725,0.21186074623351603,0.40718995895962895,1.3071e-6,0.25,0.027895388899999998,23,NA,***,exp
PANAS,Positive Affect,gender_group,Male > 60%,0.31846583046812166,0.15241557648157739,0.48451608445466593,0.0022186133,0,0.027895388899999998,9,NA,**,exp
PANAS,Negative Affect,nature_type_o2,Greenspace - Park,-0.14849516501553844,-0.29148389972144667,-0.005506430309630217,0.0433567746,0.23,4.72899e-5,10,NA,*,exp
PANAS,Negative Affect,nature_type_o2,Greenspace - Street trees,-0.31206421742137863,-0.5196433158242233,-0.10448511901853402,0.0173618538,0,4.72899e-5,4,NA,*,exp
PANAS,Negative Affect,nature_type_o2,Greenspace - Forest,-0.38971553078776733,-0.5546076775313165,-0.22482338404421823,8.9544e-5,0.59,4.72899e-5,20,NA,***,exp
PANAS,Negative Affect,nature_type_o2,Bluespace,-0.3107823513279552,-0.6963662645002366,0.07480156184432624,0.0930146076,0.53,4.72899e-5,6,NA,,exp
PANAS,Negative Affect,nature_type_o2,Greenspace,-0.26224224131926094,-0.7880466906397818,0.26356220800126,0.2383626136,0.7,4.72899e-5,5,NA,,exp
PANAS,Negative Affect,nature_type_o2,Greenspace - Farmland,-0.6870216945350446,-1.0494307783142467,-0.3246126107558425,2.027872e-4,NA,4.72899e-5,1,NA,***,exp
PANAS,Negative Affect,nature_type_o2,Greenspace - Garden,-0.1044417658552906,-0.38555848727719527,0.1766749555666141,0.1328934406,0,4.72899e-5,2,NA,,exp
PANAS,Positive Affect,nature_type_o2,Greenspace - Park,0.3706658289656675,0.17920230364424133,0.5621293542870938,0.0017725465,0.43,9.9e-9,10,NA,**,exp
PANAS,Positive Affect,nature_type_o2,Greenspace - Street trees,0.22752964608857013,0.12834507061728256,0.3267142215598577,0.0053066775,0,9.9e-9,4,NA,**,exp
PANAS,Positive Affect,nature_type_o2,Greenspace - Forest,0.42184958090804564,0.27746264668436316,0.5662365151317281,7.0386e-6,0.45,9.9e-9,20,NA,***,exp
PANAS,Positive Affect,nature_type_o2,Bluespace,0.23481197683976548,-0.04515753512301571,0.5147814888025467,0.0757461813,0,9.9e-9,4,NA,,exp
PANAS,Positive Affect,nature_type_o2,Greenspace,0.38814879877868197,0.09525450226052057,0.6810430952968434,0.0212152296,0,9.9e-9,5,NA,*,exp
PANAS,Positive Affect,nature_type_o2,Greenspace - Farmland,0.33847260695194353,-0.017215633470717417,0.6941608473746045,0.0621673956,NA,9.9e-9,1,NA,,exp
PANAS,Positive Affect,nature_type_o2,Greenspace - Garden,0.05047339319229308,-0.28626345188332586,0.38721023826791207,0.3078038864,0,9.9e-9,2,NA,,exp
PANAS,Negative Affect,Region,North America,-0.05831394835813322,-0.8740227818315289,0.7573948851152625,0.7874692557,0.65,0.3469433642,3,NA,,exp
PANAS,Negative Affect,Region,Asia,-0.29136327552619856,-0.46365968645253963,-0.11906686459985749,0.002918826,0.48,0.3469433642,14,NA,**,exp
PANAS,Negative Affect,Region,Europe,-0.34093743351860856,-0.45625026568492527,-0.22562460135229184,1.253e-6,0.46,0.3469433642,31,NA,***,exp
PANAS,Positive Affect,Region,North America,0.5285731644994991,-0.5885716426373748,1.645717971636373,0.1787196141,0.75,0.7804317212,3,NA,,exp
PANAS,Positive Affect,Region,Asia,0.33950728235025196,0.1884928935938062,0.49052167110669775,3.132701e-4,0.32,0.7804317212,14,NA,***,exp
PANAS,Positive Affect,Region,Europe,0.35537389592934304,0.25836893594784044,0.45237885591084565,3.57e-8,0.22,0.7804317212,29,NA,***,exp
PANAS,Negative Affect,Season,Winter,-0.22942865250793043,-0.40562134316562337,-0.05323596185023749,0.0304114627,0,0.0031713268,3,NA,*,exp
PANAS,Negative Affect,Season,Fall,-0.3796550388481107,-0.6638859052317068,-0.09542417246451462,0.0138980062,0.59,0.0031713268,11,NA,*,exp
PANAS,Negative Affect,Season,Summer; Fall,-0.1788479084287469,-0.4326496269947234,0.0749538101372296,0.110695127,0,0.0031713268,4,NA,,exp
PANAS,Negative Affect,Season,Spring,-0.5657650408841515,-1.0699999699942946,-0.061530111774008356,0.0356902944,0.69,0.0031713268,5,NA,*,exp
PANAS,Negative Affect,Season,Spring; Summer,-0.06708698038046862,-0.7602596011075391,0.6260856403466017,0.8495518867,NA,0.0031713268,1,NA,,exp
PANAS,Negative Affect,Season,Fall; Winter,0.08292727687104447,-0.9726085686196668,1.1384631223617558,0.5005568351,0,0.0031713268,2,NA,,exp
PANAS,Negative Affect,Season,Summer,-0.43783428652487055,-0.8477256834572297,-0.027942889592511455,0.0413192778,0.47,0.0031713268,5,NA,*,exp
PANAS,Negative Affect,Season,Spring; Summer; Fall,-0.25495987677215004,-0.4564032330198128,-0.0535165205244873,0.0275028756,0,0.0031713268,4,NA,*,exp
PANAS,Positive Affect,Season,Winter,0.2070439155172274,0.09486198694249426,0.31922584409196053,0.0154904815,0,5.725e-7,3,NA,*,exp
PANAS,Positive Affect,Season,Fall,0.3975541670125566,0.14640134738144123,0.6487069866436719,0.0054744979,0.4,5.725e-7,11,NA,**,exp
PANAS,Positive Affect,Season,Summer; Fall,0.1513211690294367,0.07409902966241655,0.22854330839645687,0.0083158119,0,5.725e-7,4,NA,**,exp
PANAS,Positive Affect,Season,Spring,0.59631345518821,0.35104878322985766,0.8415781271465623,0.0025108835,0,5.725e-7,5,NA,**,exp
PANAS,Positive Affect,Season,Spring; Summer,0.3882435610601959,-0.3120623229920935,1.0885494451124853,0.2772192925,NA,5.725e-7,1,NA,,exp
PANAS,Positive Affect,Season,Fall; Winter,0.30809372774423777,-0.23818245659313836,0.854369912081614,0.0882669709,0,5.725e-7,2,NA,,exp
PANAS,Positive Affect,Season,Summer,0.4692271026220962,-0.05784944859390806,0.9963036538381005,0.0618961207,0,5.725e-7,3,NA,,exp
PANAS,Positive Affect,Season,Spring; Summer; Fall,0.47222503932290383,0.08774737775241498,0.8567027008933927,0.0297468611,0.54,5.725e-7,4,NA,*,exp
PANAS,Negative Affect,subgroup_design,2ba,-0.30140368588666,-0.4744738325795397,-0.12833353919378035,0.002555583,0.36,0.897739321,13,NA,**,exp
PANAS,Negative Affect,subgroup_design,1ba,-0.2899806142139266,-0.4310050321142468,-0.1489561963136065,2.840384e-4,0.61,0.897739321,25,NA,***,exp
PANAS,Negative Affect,subgroup_design,2aa,-0.34391849340105424,-0.56009972038975,-0.12773726641235852,0.0057588948,0.48,0.897739321,10,NA,**,exp
PANAS,Positive Affect,subgroup_design,2ba,0.48512489334829534,0.2861503639734221,0.6840994227231686,1.846237e-4,0.46,0.0592582685,13,NA,***,exp
PANAS,Positive Affect,subgroup_design,1ba,0.33290330347131347,0.24093615905195095,0.42487044789067596,1.037e-7,0.13,0.0592582685,25,NA,***,exp
PANAS,Positive Affect,subgroup_design,2aa,0.229876189895216,0.08932934657986447,0.3704230332105675,0.0061511985,0,0.0592582685,8,NA,**,exp
POMS,Anger,age_group,Young adults,-0.7300786344944176,-0.8989238778537048,-0.5612333911351304,0,0.85,6.535877e-4,80,NA,***,exp
POMS,Anger,age_group,Adults,-0.37228052020746766,-0.554964595042419,-0.1895964453725163,5.28163e-4,0.46,6.535877e-4,17,NA,***,exp
POMS,Anger,age_group,Older adults,-0.17397069333020201,-0.5446296694662761,0.19668828280587206,0.281584308,0,6.535877e-4,7,NA,,exp
POMS,Anxiety,age_group,Young adults,-0.9770749299392032,-1.1548299752794824,-0.799319884598924,0,0.89,1.3614e-6,81,NA,***,exp
POMS,Anxiety,age_group,Adults,-0.5746043295893285,-0.8909610482750561,-0.258247610903601,0.0014140668,0.72,1.3614e-6,17,NA,**,exp
POMS,Anxiety,age_group,Adolescents,-0.32226168300719266,-0.7429507970600282,0.09842743104564289,0.1332529594,NA,1.3614e-6,1,NA,,exp
POMS,Anxiety,age_group,Older adults,-0.3333663202013808,-0.5346655143604615,-0.13206712604230006,0.0067089031,0,1.3614e-6,7,NA,**,exp
POMS,Confusion,age_group,Young adults,-1.0059998415992515,-1.1887157772238608,-0.8232839059746422,0,0.91,0,80,NA,***,exp
POMS,Confusion,age_group,Adults,-0.28028258237682524,-0.4062607584322344,-0.15430440632141607,2.979415e-4,0.07,0,15,NA,***,exp
POMS,Confusion,age_group,Older adults,-0.203922344889814,-0.3724902430861944,-0.03535444669343363,0.025279244,0,0,7,NA,*,exp
POMS,Depression,age_group,Young adults,-0.6847127036948792,-0.8358627821697753,-0.5335626252199832,0,0.87,1.08893e-5,80,NA,***,exp
POMS,Depression,age_group,Adults,-0.23214459746562857,-0.37026774409356633,-0.09402145083769081,0.0025946021,0.25,1.08893e-5,17,NA,**,exp
POMS,Depression,age_group,Older adults,-0.2817519489406458,-0.4712774999071636,-0.09222639797412802,0.0108657176,0,1.08893e-5,7,NA,*,exp
POMS,Fatigue,age_group,Young adults,-0.8656372635931022,-0.9996559874111095,-0.731618539775095,0,0.85,1.443e-7,80,NA,***,exp
POMS,Fatigue,age_group,Adults,-0.2957608727585598,-0.5124599494482527,-0.07906179606886687,0.0102400452,0.65,1.443e-7,19,NA,*,exp
POMS,Fatigue,age_group,Older adults,-0.32732537175940235,-0.5748599750900937,-0.079790768428711,0.0177836882,0,1.443e-7,7,NA,*,exp
POMS,TMD,age_group,Adults,-0.4842018472553809,-0.6813853780596215,-0.2870183164511403,4.21154e-5,0.77,1.775703e-4,25,NA,***,exp
POMS,TMD,age_group,Young adults,-1.0299817403495264,-1.316110246934888,-0.7438532337641648,1.434e-7,0.91,1.775703e-4,24,NA,***,exp
POMS,TMD,age_group,Older adults,-0.4164896964453267,-0.542811249160309,-0.2901681437303444,1.941752e-4,0,1.775703e-4,7,NA,***,exp
POMS,Vigor,age_group,Young adults,1.755451185106762,1.2907917634793136,2.2201106067342105,1e-10,0.95,3e-10,78,NA,***,exp
POMS,Vigor,age_group,Adults,0.5168873890750331,0.2296147501204459,0.8041600280296202,0.0013706306,0.73,3e-10,19,NA,**,exp
POMS,Vigor,age_group,Older adults,0.20962980741608478,0.0737781688588792,0.34548144597329034,0.0092259347,0,3e-10,7,NA,**,exp
POMS,Anger,density_class,High density,-0.8272832158494913,-1.033302877639104,-0.6212635540598785,0,0.88,1.639752e-4,67,NA,***,exp
POMS,Anger,density_class,Low density,-0.31674524607968263,-0.6588468036631628,0.02535631150379758,0.0576190246,0,1.639752e-4,3,NA,,exp
POMS,Anger,density_class,Medium density,-0.3605466602124059,-0.5295563161529669,-0.1915370042718448,3.15178e-4,0.44,1.639752e-4,18,NA,***,exp
POMS,Anxiety,density_class,High density,-1.0315909000776715,-1.2455769380352206,-0.8176048621201224,0,0.91,0.0132500155,69,NA,***,exp
POMS,Anxiety,density_class,Low density,-0.9487898469112236,-2.7110580491005445,0.8134783552780974,0.1464835095,0.73,0.0132500155,3,NA,,exp
POMS,Anxiety,density_class,Medium density,-0.5596852473871541,-0.8139684807320524,-0.30540201404225575,2.323691e-4,0.72,0.0132500155,18,NA,***,exp
POMS,Confusion,density_class,High density,-1.1072092117120784,-1.3250804882084843,-0.8893379352156725,0,0.92,1.976e-7,66,NA,***,exp
POMS,Confusion,density_class,Low density,-0.818040416427162,-1.8138276280194874,0.17774679516516345,0.0715558986,0.34,1.976e-7,3,NA,,exp
POMS,Confusion,density_class,Medium density,-0.38248271202175155,-0.5400938235905361,-0.224871600452967,9.79043e-5,0.37,1.976e-7,17,NA,***,exp
POMS,Depression,density_class,High density,-0.7837996599305297,-0.9636772225132222,-0.6039220973478372,0,0.89,7.5122e-6,67,NA,***,exp
POMS,Depression,density_class,Low density,-0.24474299266991095,-0.624065798534052,0.13457981319423007,0.1089560627,0,7.5122e-6,3,NA,,exp
POMS,Depression,density_class,Medium density,-0.29277298410745084,-0.4387646594450304,-0.14678130876987125,5.626535e-4,0.33,7.5122e-6,18,NA,***,exp
POMS,Fatigue,density_class,High density,-0.9203695472400595,-1.0902271220308468,-0.7505119724492721,0,0.87,8.0199e-6,67,NA,***,exp
POMS,Fatigue,density_class,Low density,-0.49764017961235085,-1.014239145061121,0.0189587858364193,0.0535756984,0,8.0199e-6,3,NA,,exp
POMS,Fatigue,density_class,Medium density,-0.3975353961868878,-0.5417769603181093,-0.25329383205566636,1.47278e-5,0.42,8.0199e-6,20,NA,***,exp
POMS,TMD,density_class,High density,-0.6931039767752195,-0.9113311003655126,-0.47487685318492645,1.995e-7,0.88,0.0070810765,36,NA,***,exp
POMS,TMD,density_class,Low density,-0.8989932758717102,-2.164883161432712,0.3668966096892917,0.0924858736,0.6,0.0070810765,3,NA,,exp
POMS,TMD,density_class,Medium density,-0.27011166990274255,-0.6028343921133577,0.06261105230787256,0.0815262637,0,0.0070810765,4,NA,,exp
POMS,Vigor,density_class,High density,1.9676898981893485,1.4451976290005228,2.4901821673781743,2e-10,0.96,1.395e-7,68,NA,***,exp
POMS,Vigor,density_class,Low density,0.5037558620319238,-0.10700551856676599,1.1145172426306136,0.0710441285,0,1.395e-7,3,NA,,exp
POMS,Vigor,density_class,Medium density,0.37835652782504,0.14178953527516736,0.6149235203749126,0.0033828417,0.7,1.395e-7,20,NA,**,exp
POMS,Anger,duration_group,>45,-0.5824173043966672,-0.8085459654859615,-0.35628864330737287,7.4931e-5,0.65,0.0266872072,15,NA,***,exp
POMS,Anger,duration_group,<= 15,-0.7817924928276495,-0.9784020811901573,-0.5851829044651418,0,0.86,0.0266872072,67,NA,***,exp
POMS,Anger,duration_group,16-45,-0.3794931142677565,-0.6145085419245352,-0.1444776866109778,0.0029767979,0.73,0.0266872072,22,NA,**,exp
POMS,Anxiety,duration_group,>45,-0.7158681538495089,-1.005221225531239,-0.42651508216777884,9.36933e-5,0.74,0.145132011,16,NA,***,exp
POMS,Anxiety,duration_group,<= 15,-0.7900047042705921,-0.951762528897247,-0.6282468796439372,0,0.86,0.145132011,68,NA,***,exp
POMS,Anxiety,duration_group,16-45,-1.228573601417862,-1.7063957360231412,-0.750751466812583,2.65341e-5,0.91,0.145132011,22,NA,***,exp
POMS,Confusion,duration_group,>45,-0.665403201422776,-0.9600525333390113,-0.37075386950654066,3.535731e-4,0.82,0.3155187912,13,NA,***,exp
POMS,Confusion,duration_group,<= 15,-0.8849388182970678,-1.0888729929884933,-0.6810046436056423,0,0.9,0.3155187912,67,NA,***,exp
POMS,Confusion,duration_group,16-45,-0.9563324756771183,-1.314562019396413,-0.5981029319578236,1.6493e-5,0.87,0.3155187912,22,NA,***,exp
POMS,Depression,duration_group,>45,-0.4887321284198447,-0.7058767085239852,-0.27158754831570414,2.684357e-4,0.61,0.0216284352,15,NA,***,exp
POMS,Depression,duration_group,<= 15,-0.5097939181138572,-0.663415502481115,-0.3561723337465994,7.5e-9,0.83,0.0216284352,67,NA,***,exp
POMS,Depression,duration_group,16-45,-0.9409824922862154,-1.2456355898439504,-0.6363293947284805,2.291e-6,0.84,0.0216284352,22,NA,***,exp
POMS,Fatigue,duration_group,>45,-0.4800935564526647,-0.7424813369818584,-0.21770577592347112,0.0013319264,0.83,0.0533093402,17,NA,**,exp
POMS,Fatigue,duration_group,<= 15,-0.7637740904272836,-0.9133030677427574,-0.6142451131118098,0,0.83,0.0533093402,67,NA,***,exp
POMS,Fatigue,duration_group,16-45,-0.9005924098374751,-1.1822427517664345,-0.6189420679085157,1.3928e-6,0.81,0.0533093402,22,NA,***,exp
POMS,TMD,duration_group,16-45,-0.9677048642704003,-1.5524831218861181,-0.38292660665468226,0.0100723652,0.8,0.4956297177,5,NA,*,exp
POMS,TMD,duration_group,<= 15,-0.7214657414237604,-0.9327960816890956,-0.5101354011584253,3.24e-8,0.88,0.4956297177,39,NA,***,exp
POMS,TMD,duration_group,>45,-0.6636117823430845,-1.0434086792477686,-0.28381488543840044,0.0033414,0.72,0.4956297177,12,NA,**,exp
POMS,Vigor,duration_group,>45,0.6529581817898056,0.279253404481887,1.026662959097724,0.0019259516,0.85,0.0034115657,17,NA,**,exp
POMS,Vigor,duration_group,<= 15,1.6502645271676015,1.1069844942962372,2.1935445600389656,7.74e-8,0.95,0.0034115657,65,NA,***,exp
POMS,Vigor,duration_group,16-45,1.4132074569801962,0.7806511756292858,2.0457637383311065,1.387744e-4,0.94,0.0034115657,22,NA,***,exp
POMS,Anger,exposure_o2,L4 - physical activity in nature,-0.47660936500803364,-0.6103003255049726,-0.3429184045110947,1.9e-9,0.75,0,59,NA,***,exp
POMS,Anger,exposure_o2,L4 - stay static in nature,-0.5615167114982931,-0.7347032654714948,-0.38833015752509137,1.686e-7,0.7,0,35,NA,***,exp
POMS,Anger,exposure_o2,L4 - stay static in nature; l4 - physical activity in nature,-2.3796779764470064,-2.6765732723094926,-2.08278268058452,7.57e-8,0,0,9,NA,***,exp
POMS,Anger,exposure_o2,L3 - view of nature from window,-0.5434866810344835,-1.0353496207781445,-0.05162374129082259,0.0303361786,NA,0,1,NA,*,exp
POMS,Anxiety,exposure_o2,L4 - physical activity in nature,-0.6781809884209934,-0.8525484355783622,-0.5038135412636245,1e-10,0.85,0.0072230947,60,NA,***,exp
POMS,Anxiety,exposure_o2,L4 - stay static in nature,-1.0275235408361716,-1.2713530175713166,-0.7836940641010266,4e-10,0.84,0.0072230947,36,NA,***,exp
POMS,Anxiety,exposure_o2,L4 - stay static in nature; l4 - physical activity in nature,-1.6997643187774658,-2.555355713945006,-0.844172923609926,0.0017991004,0.88,0.0072230947,9,NA,**,exp
POMS,Anxiety,exposure_o2,L3 - view of nature from window,-0.5946802593597997,-1.0883672986620772,-0.10099322005752237,0.0182300325,NA,0.0072230947,1,NA,*,exp
POMS,Confusion,exposure_o2,L4 - physical activity in nature,-0.6304753060191729,-0.7916595135080529,-0.46929109853029294,1e-10,0.83,0,57,NA,***,exp
POMS,Confusion,exposure_o2,L4 - stay static in nature,-0.916775131138231,-1.1660002620899914,-0.6675500001864705,1.13e-8,0.89,0,35,NA,***,exp
POMS,Confusion,exposure_o2,L4 - stay static in nature; l4 - physical activity in nature,-2.3262707056847827,-2.692814552505959,-1.959726858863606,4.664e-7,0.21,0,9,NA,***,exp
POMS,Confusion,exposure_o2,L3 - view of nature from window,-0.7508435420331512,-1.2510533912220572,-0.2506336928442451,0.0032608114,NA,0,1,NA,**,exp
POMS,Depression,exposure_o2,L4 - physical activity in nature,-0.4629980742239556,-0.5947006054539359,-0.33129554299397534,2.5e-9,0.74,0.0807577746,59,NA,***,exp
POMS,Depression,exposure_o2,L4 - stay static in nature,-0.6840751749810525,-0.8765685004233856,-0.4915818495387194,2.34e-8,0.82,0.0807577746,35,NA,***,exp
POMS,Depression,exposure_o2,L4 - stay static in nature; l4 - physical activity in nature,-1.2731131922979608,-2.261485789031009,-0.2847405955649128,0.017861824,0.92,0.0807577746,9,NA,*,exp
POMS,Depression,exposure_o2,L3 - view of nature from window,-0.449988453117868,-0.938929367674908,0.038952461439171915,0.0712596061,NA,0.0807577746,1,NA,,exp
POMS,Fatigue,exposure_o2,L4 - physical activity in nature,-0.5670599667827707,-0.7046794639736085,-0.42944046959193294,0,0.82,1.91404e-4,61,NA,***,exp
POMS,Fatigue,exposure_o2,L4 - stay static in nature,-0.835367250059976,-0.9818608274670921,-0.6888736726528599,0,0.63,1.91404e-4,35,NA,***,exp
POMS,Fatigue,exposure_o2,L4 - stay static in nature; l4 - physical activity in nature,-1.7616715460869197,-2.458704261028366,-1.0646388311454735,3.923814e-4,0.83,1.91404e-4,9,NA,***,exp
POMS,Fatigue,exposure_o2,L3 - view of nature from window,-0.8838969824807427,-1.3907705286451526,-0.3770234363163327,6.312314e-4,NA,1.91404e-4,1,NA,***,exp
POMS,TMD,exposure_o2,L4 - physical activity in nature,-0.6985783438160142,-0.8500994486793041,-0.5470572389527244,1e-10,0.86,0.6500653698,36,NA,***,exp
POMS,TMD,exposure_o2,L4 - stay static in nature,-0.88108894782892,-1.3360209360931306,-0.42615695956470945,7.202974e-4,0.88,0.6500653698,19,NA,***,exp
POMS,TMD,exposure_o2,L3 - view of nature from window,-0.8448537765643594,-1.3496688898463396,-0.3400386632823792,0.0010374194,NA,0.6500653698,1,NA,**,exp
POMS,Vigor,exposure_o2,L4 - physical activity in nature,0.7805025524657188,0.4937761529104729,1.0672289520209646,1.0148e-6,0.9,1.7e-9,61,NA,***,exp
POMS,Vigor,exposure_o2,L4 - stay static in nature,1.6134449208968484,1.0379686118056215,2.1889212299880754,2.3072e-6,0.94,1.7e-9,34,NA,***,exp
POMS,Vigor,exposure_o2,L4 - stay static in nature; l4 - physical activity in nature,5.457924419472796,3.6856020437954142,7.230246795150178,1.018505e-4,0.89,1.7e-9,9,NA,***,exp
POMS,Anger,gender_group,Gender Balance,-0.9960187005756137,-1.2618261341089148,-0.7302112670423127,2e-9,0.9,3.9516e-5,44,NA,***,exp
POMS,Anger,gender_group,Female > 60%,-0.37045282282815256,-0.5282973165751109,-0.21260832908119423,7.26906e-5,0.42,3.9516e-5,24,NA,***,exp
POMS,Anger,gender_group,Male > 60%,-0.3842145203286904,-0.47085325891351876,-0.29757578174386207,6.44e-8,0,3.9516e-5,17,NA,***,exp
POMS,Anxiety,gender_group,Gender Balance,-0.8624910033543077,-1.085072123422039,-0.6399098832865764,8e-10,0.9,0.191990943,45,NA,***,exp
POMS,Anxiety,gender_group,Female > 60%,-0.5878370670502253,-0.8336710207872594,-0.3420031133131912,5.81807e-5,0.71,0.191990943,23,NA,***,exp
POMS,Anxiety,gender_group,Male > 60%,-0.6689442323226438,-0.795911593799837,-0.5419768708454505,1.8e-9,0.26,0.191990943,19,NA,***,exp
POMS,Confusion,gender_group,Gender Balance,-1.1051242268204524,-1.3840150277231529,-0.8262334259177521,5e-10,0.94,8.37857e-5,44,NA,***,exp
POMS,Confusion,gender_group,Female > 60%,-0.41494044460189683,-0.6170575958911686,-0.2128232933126251,3.411801e-4,0.54,8.37857e-5,22,NA,***,exp
POMS,Confusion,gender_group,Male > 60%,-0.5096786755643222,-0.6080083690386189,-0.41134898209002557,7.3e-9,0,8.37857e-5,17,NA,***,exp
POMS,Depression,gender_group,Gender Balance,-0.6768953078794235,-0.897160515164763,-0.45663010059408404,1.887e-7,0.89,4.15641e-4,44,NA,***,exp
POMS,Depression,gender_group,Female > 60%,-0.20442344623059786,-0.30726892312977166,-0.10157796933142406,4.260172e-4,0.01,4.15641e-4,24,NA,***,exp
POMS,Depression,gender_group,Male > 60%,-0.2700116581982337,-0.34851729271490295,-0.19150602368156444,1.8083e-6,0,4.15641e-4,17,NA,***,exp
POMS,Fatigue,gender_group,Gender Balance,-0.8536308479323467,-1.0699259405271067,-0.6373357553375867,5e-10,0.89,0.0208137881,44,NA,***,exp
POMS,Fatigue,gender_group,Female > 60%,-0.5080341935963787,-0.7041769349677872,-0.31189145222497017,1.92739e-5,0.62,0.0208137881,24,NA,***,exp
POMS,Fatigue,gender_group,Male > 60%,-0.524016695936781,-0.665785950178143,-0.382247441695419,3.733e-7,0.4,0.0208137881,19,NA,***,exp
POMS,TMD,gender_group,Female > 60%,-0.5808298308814609,-0.8696154854407974,-0.2920441763221245,3.435043e-4,0.83,0.0420437202,26,NA,***,exp
POMS,TMD,gender_group,Male > 60%,-1.0417865046976003,-1.3370310635347349,-0.7465419458604656,6.9612e-5,0,0.0420437202,8,NA,***,exp
POMS,TMD,gender_group,Gender Balance,-0.7658824817665651,-0.9540917539809135,-0.5776732095522168,9.4e-8,0.91,0.0420437202,21,NA,***,exp
POMS,Vigor,gender_group,Gender Balance,2.1753360573783094,1.3897359936137303,2.9609361211428884,1.7441e-6,0.97,8.392294e-4,41,NA,***,exp
POMS,Vigor,gender_group,Female > 60%,0.7121055075877093,0.2090151335706153,1.2151958816048034,0.007560668,0.81,8.392294e-4,24,NA,**,exp
POMS,Vigor,gender_group,Male > 60%,0.6551240823068221,0.419766712810851,0.8904814518027931,1.30158e-5,0.65,8.392294e-4,20,NA,***,exp
POMS,Anger,nature_type_o2,Greenspace - Forest,-0.739808927651278,-0.9256986807944316,-0.5539191745081244,0,0.83,6e-10,67,NA,***,exp
POMS,Anger,nature_type_o2,Greenspace - Grassland,-0.41342489260584814,-0.7751880743260957,-0.05166171088560062,0.0251001892,NA,6e-10,1,NA,*,exp
POMS,Anger,nature_type_o2,Bluespace,-0.31051624035313097,-0.670574153610662,0.04954167290439998,0.0909733596,NA,6e-10,1,NA,,exp
POMS,Anger,nature_type_o2,Greenspace - Park,-0.7375647801216351,-1.0548638116736953,-0.42026574856957494,1.074913e-4,0.73,6e-10,21,NA,***,exp
POMS,Anger,nature_type_o2,Greenspace - Street trees,-0.15924252294892866,-0.21619955457375797,-0.10228549132409934,3.011841e-4,0,6e-10,8,NA,***,exp
POMS,Anger,nature_type_o2,Greenspace,-0.48812281263497453,-1.1114473503303268,0.1352017250603777,0.10026021,0.66,6e-10,6,NA,,exp
POMS,Anxiety,nature_type_o2,Greenspace - Forest,-1.1314262881954311,-1.3320177675587332,-0.930834808832129,0,0.87,0,68,NA,***,exp
POMS,Anxiety,nature_type_o2,Bluespace,-0.413857558776701,-0.7756289141212631,-0.05208620343213893,0.024951632,NA,0,1,NA,*,exp
POMS,Anxiety,nature_type_o2,Greenspace - Grassland,-0.6260739700423308,-0.992850197406927,-0.2592977426777345,8.210807e-4,NA,0,1,NA,***,exp
POMS,Anxiety,nature_type_o2,Greenspace - Park,-0.5064263088473215,-0.6547361178313678,-0.35811649986327526,5.266e-7,0.18,0,22,NA,***,exp
POMS,Anxiety,nature_type_o2,Greenspace - Street trees,-0.1769512130572886,-0.24914188334183834,-0.10476054277273883,6.66201e-4,0.03,0,8,NA,***,exp
POMS,Anxiety,nature_type_o2,Greenspace,-0.5048623935129002,-1.2012142329489985,0.19148944592319805,0.1213923834,0.72,0,6,NA,,exp
POMS,Confusion,nature_type_o2,Greenspace - Forest,-1.0003563098045685,-1.2024424567882825,-0.7982701628208544,0,0.89,0,65,NA,***,exp
POMS,Confusion,nature_type_o2,Greenspace - Grassland,-0.5768225131977593,-0.942261912572613,-0.2113831138229056,0.001976928,NA,0,1,NA,**,exp
POMS,Confusion,nature_type_o2,Bluespace,-0.09032984680627204,-0.44835699622863334,0.26769730261608926,0.6209554313,NA,0,1,NA,,exp
POMS,Confusion,nature_type_o2,Greenspace - Park,-0.8581724156413459,-1.2131027555214415,-0.5032420757612505,6.21853e-5,0.78,0,21,NA,***,exp
POMS,Confusion,nature_type_o2,Greenspace - Street trees,-0.21065105259166356,-0.26126218343534846,-0.16003992174797863,2.37615e-5,0,0,8,NA,***,exp
POMS,Confusion,nature_type_o2,Greenspace,-0.6276314958108049,-1.4535299285511074,0.1982669369294976,0.1081867189,0.8,0,6,NA,,exp
POMS,Depression,nature_type_o2,Greenspace - Forest,-0.805770161128991,-0.9723932262337529,-0.6391470960242291,0,0.86,0,67,NA,***,exp
POMS,Depression,nature_type_o2,Bluespace,-0.3747207036921743,-0.7357866234375252,-0.013654783946823401,0.0419429389,NA,0,1,NA,*,exp
POMS,Depression,nature_type_o2,Greenspace - Grassland,-0.6215775684965311,-0.9882274185141207,-0.2549277184789416,8.914883e-4,NA,0,1,NA,***,exp
POMS,Depression,nature_type_o2,Greenspace - Park,-0.18788057439942937,-0.33245436448362486,-0.04330678431523388,0.0134557113,0.11,0,21,NA,*,exp
POMS,Depression,nature_type_o2,Greenspace - Street trees,-0.16231143279502003,-0.23346011965636482,-0.09116274593367522,0.001014543,0,0,8,NA,**,exp
POMS,Depression,nature_type_o2,Greenspace,-0.3897238514972871,-0.6127985080074487,-0.16664919498712547,0.0064531479,0.16,0,6,NA,**,exp
POMS,Fatigue,nature_type_o2,Greenspace - Forest,-0.9121543637259502,-1.0664735778182282,-0.7578351496336722,0,0.8,0,69,NA,***,exp
POMS,Fatigue,nature_type_o2,Greenspace - Grassland,-0.84548336741210794,-1.2194611383952716,-0.4715055964289443,9.3772e-6,NA,0,1,NA,***,exp
POMS,Fatigue,nature_type_o2,Bluespace,-0.9479529120322187,-1.3259683826289832,-0.5699374414354541,8.877e-7,NA,0,1,NA,***,exp
POMS,Fatigue,nature_type_o2,Greenspace - Park,-0.5735293672330418,-0.7065186504985157,-0.44054008396756794,1.82e-8,0,0,21,NA,***,exp
POMS,Fatigue,nature_type_o2,Greenspace - Street trees,-0.22685307223729675,-0.3089302137029791,-0.14477593077161444,3.231581e-4,0.22,0,8,NA,***,exp
POMS,Fatigue,nature_type_o2,Greenspace,-0.21956691421831886,-1.0379295953945404,0.5987957669579026,0.5210866353,0.84,0,6,NA,,exp
POMS,TMD,nature_type_o2,Greenspace - Park,-0.7718619289406967,-0.9343753660219053,-0.6093484918594881,1.334e-7,0,3.194591e-4,14,NA,***,exp
POMS,TMD,nature_type_o2,Greenspace - Forest,-1.0152420935939848,-1.2960061120009834,-0.7344780751869862,5.077e-7,0.79,3.194591e-4,19,NA,***,exp
POMS,TMD,nature_type_o2,Greenspace - Street trees,-0.7137957170410646,-1.1427884136518858,-0.2848030204302434,0.0078848008,0.96,3.194591e-4,6,NA,**,exp
POMS,TMD,nature_type_o2,Greenspace,-0.5726819040663416,-1.2518829323425735,0.10651912420989051,0.0897154234,0.83,3.194591e-4,13,NA,,exp
POMS,TMD,nature_type_o2,Greenspace - Garden,-0.24535980178106734,-0.6275129087402538,0.13679330517811913,0.133624825,0.21,3.194591e-4,4,NA,,exp
POMS,Vigor,nature_type_o2,Greenspace - Forest,1.373495336193717,1.0478447974882354,1.6991458748991985,0,0.92,0,69,NA,***,exp
POMS,Vigor,nature_type_o2,Greenspace - Grassland,2.549441071045444,2.0642225937829433,3.034659548307945,0,NA,0,1,NA,***,exp
POMS,Vigor,nature_type_o2,Bluespace,2.4782259147320778,1.999142131934979,2.9573096975291766,0,NA,0,1,NA,***,exp
POMS,Vigor,nature_type_o2,Greenspace - Park,2.1987177084215896,0.5999394829025366,3.7974959339406427,0.0097686668,0.95,0,19,NA,**,exp
POMS,Vigor,nature_type_o2,Greenspace - Street trees,0.1802188759861459,0.11928881034222694,0.24114894163006484,2.126705e-4,0,0,8,NA,***,exp
POMS,Vigor,nature_type_o2,Greenspace,1.3761000280098121,-1.4469192803335076,4.199119336353132,0.2655946347,0.94,0,6,NA,,exp
POMS,Anger,Region,Asia,-0.7075821953500312,-0.8722011535849492,-0.5429632371151132,0,0.84,0.0167494332,86,NA,***,exp
POMS,Anger,Region,Europe,-0.4327322319861854,-0.6008678368750917,-0.2645966270972791,4.50216e-5,0.41,0.0167494332,18,NA,***,exp
POMS,Anxiety,Region,Asia,-0.93342239183364,-1.104242757724025,-0.7626020259432549,0,0.89,0.0329550244,88,NA,***,exp
POMS,Anxiety,Region,Europe,-0.6023921094214878,-0.8751023220772347,-0.32968189676574094,2.243008e-4,0.72,0.0329550244,18,NA,***,exp
POMS,Confusion,Region,Asia,-0.9570949787904501,-1.134576462337214,-0.7796134952436861,0,0.91,1.7031e-6,86,NA,***,exp
POMS,Confusion,Region,Europe,-0.42432168550019467,-0.5661052769565271,-0.2825380940438622,1.23923e-5,0.2,1.7031e-6,16,NA,***,exp
POMS,Depression,Region,Asia,-0.6424454079494344,-0.7890836783004358,-0.495807137598433,0,0.86,0.012718547,86,NA,***,exp
POMS,Depression,Region,Europe,-0.3842608890074431,-0.5378372581133668,-0.23068451990151936,6.13921e-5,0.35,0.012718547,18,NA,***,exp
POMS,Fatigue,Region,Asia,-0.8154624918846621,-0.9508208954309786,-0.6801040883383457,0,0.84,3.273971e-4,88,NA,***,exp
POMS,Fatigue,Region,Europe,-0.4238183880479755,-0.6034171390130039,-0.2442196370829472,1.145612e-4,0.72,3.273971e-4,18,NA,***,exp
POMS,TMD,Region,Asia,-0.7866702711035636,-0.9717480833878815,-0.6015924588192456,0,0.87,0.0111479473,47,NA,***,exp
POMS,TMD,Region,Europe,-0.3942666889829083,-0.6984138556567806,-0.09011952230903597,0.0192714374,0.56,0.0111479473,9,NA,*,exp
POMS,Vigor,Region,Asia,1.6448203008440692,1.2165023439790739,2.0731382577090645,0,0.95,5.077e-7,86,NA,***,exp
POMS,Vigor,Region,Europe,0.40909900934010196,0.1585180786919836,0.6596799399882203,0.0030948251,0.75,5.077e-7,18,NA,**,exp
POMS,Anger,Season,Fall,-1.0133512124031439,-1.2951728009264456,-0.7315296238798421,7.1e-9,0.86,2.7508e-6,42,NA,***,exp
POMS,Anger,Season,Winter,-0.6048583979961727,-2.396370439348678,1.1866536433563324,0.2834698769,0.86,2.7508e-6,3,NA,,exp
POMS,Anger,Season,Summer,-0.45527930064142097,-0.8019341158833206,-0.10862448539952124,0.0137173996,0.82,2.7508e-6,15,NA,*,exp
POMS,Anger,Season,Spring,-0.41221665402753305,-0.6471671155717645,-0.17726619248330155,0.0022482594,0.71,2.7508e-6,14,NA,**,exp
POMS,Anger,Season,Summer; Fall,-0.36689878023578215,-0.44969240724471043,-0.28410515322685387,9.12419e-5,0,2.7508e-6,6,NA,***,exp
POMS,Anger,Season,Spring; Fall,-0.1314480221077609,-0.95742582657219,0.6945297823566681,0.2923786921,0,2.7508e-6,2,NA,,exp
POMS,Anger,Season,Spring; Summer,-0.21886548364890293,-5.241965754974412,4.804234787676606,0.6781075309,0.45,2.7508e-6,2,NA,,exp
POMS,Anger,Season,Spring; Summer; Winter,-0.1343111875627074,-0.5428057590798968,0.27418338395448194,0.3722677525,0,2.7508e-6,5,NA,,exp
POMS,Anxiety,Season,Fall,-0.946025901331081,-1.1961720232850683,-0.6958797793770937,1.8e-9,0.84,0,43,NA,***,exp
POMS,Anxiety,Season,Winter,-0.6660996532993256,-2.664580836458886,1.3323815298602346,0.28797690460000003,0.88,0,3,NA,,exp
POMS,Anxiety,Season,Summer,-1.6088379336073169,-2.137409691891972,-1.0802661753226617,7.9867e-6,0.93,0,17,NA,***,exp
POMS,Anxiety,Season,Spring,-0.4645569543987317,-0.7116393149510482,-0.21747459384641518,0.0013460574,0.78,0,14,NA,**,exp
POMS,Anxiety,Season,Summer; Fall,-0.6525953533818563,-0.8196342843271582,-0.48555642243655434,4.09897e-4,0,0,5,NA,***,exp
POMS,Anxiety,Season,Spring; Fall,-0.15529653557098627,-0.9936204350166469,0.6830273638746744,0.2557571783,0,0,2,NA,,exp
POMS,Anxiety,Season,Spring; Summer,-0.32662155103105345,-0.5511907083368868,-0.10205239372522015,0.0344148756,0,0,2,NA,*,exp
POMS,Anxiety,Season,Spring; Summer; Winter,-0.33885920842612804,-0.7148472845090974,0.03712886765684131,0.0666047433,0,0,5,NA,,exp
POMS,Confusion,Season,Fall,-1.1430740390336067,-1.4423088644874982,-0.8438392135797153,1.9e-9,0.91,0,41,NA,***,exp
POMS,Confusion,Season,Winter,-0.8131585900420254,-3.716407365256373,2.090090185172322,0.3514052931,0.93,0,3,NA,,exp
POMS,Confusion,Season,Summer,-1.3536347558267114,-1.748217628417847,-0.9590518832355759,3.5768000000000002e-06,0.89,0,15,NA,***,exp
POMS,Confusion,Season,Spring,-0.29131816209842815,-0.4131549554390646,-0.16948136875779168,1.816723e-4,0.47,0,14,NA,***,exp
POMS,Confusion,Season,Summer; Fall,-0.5047945765779708,-0.6480242256303799,-0.36156492752556174,6.112505e-4,0,0,5,NA,***,exp
POMS,Confusion,Season,Spring; Fall,-0.1699909772789133,-1.4569406761333172,1.1169587215754908,0.3420845393,0,0,2,NA,,exp
POMS,Confusion,Season,Spring; Summer,-0.09804688280593439,-0.48548814450146893,0.2893943788896002,0.1919504248,0,0,2,NA,,exp
POMS,Confusion,Season,Spring; Summer; Winter,-0.290309510615944,-0.547565814959807,-0.033053206272080915,0.035077758,0,0,5,NA,*,exp
POMS,Depression,Season,Fall,-0.683967796010012,-0.9264448369524771,-0.4414907550675469,1.1678e-6,0.85,0,42,NA,***,exp
POMS,Depression,Season,Winter,-0.30755749219245476,-1.2536050040683309,0.6384900196834213,0.2967831626,0.62,0,3,NA,,exp
POMS,Depression,Season,Summer,-1.2631652370871524,-1.5956548253219764,-0.9306756488523285,1.1051e-6,0.87,0,15,NA,***,exp
POMS,Depression,Season,Spring,-0.28209156110694095,-0.4285283180382633,-0.13565480417561862,0.0011166095,0.57,0,14,NA,**,exp
POMS,Depression,Season,Summer; Fall,-0.23266007245982476,-0.30404244883957204,-0.16127769608007747,3.966343e-4,0,0,6,NA,***,exp
POMS,Depression,Season,Spring; Fall,0.022036265467874887,-0.9114129953867645,0.9554855263225142,0.8144762917,0,0,2,NA,,exp
POMS,Depression,Season,Spring; Summer,-0.4510003829496692,-0.4651532717208094,-0.43684749417852903,0.0015722861,0,0,2,NA,**,exp
POMS,Depression,Season,Spring; Summer; Winter,-0.14920529581590178,-0.36508486253720185,0.06667427090539826,0.1274266654,0,0,5,NA,,exp
POMS,Fatigue,Season,Fall,-0.8397021812340664,-1.0778899119207552,-0.6015144505473774,1.12e-8,0.85,0,42,NA,***,exp
POMS,Fatigue,Season,Winter,-0.6843119106188023,-2.5953233748278204,1.2266995535902159,0.2632928127,0.87,0,3,NA,,exp
POMS,Fatigue,Season,Summer,-1.191196729749586,-1.4631933374382422,-0.9192001220609297,7.64e-8,0.83,0,17,NA,***,exp
POMS,Fatigue,Season,Spring,-0.344381267823208,-0.5011767259626967,-0.18758580968371932,3.828793e-4,0.62,0,14,NA,***,exp
POMS,Fatigue,Season,Summer; Fall,-0.46477016763213813,-0.7761595813326497,-0.15338075393162653,0.0121635722,0.52,0,6,NA,*,exp
POMS,Fatigue,Season,Spring; Fall,-0.1973915893916201,-0.4437689253255719,0.048985746542331676,0.0623369083,0,0,2,NA,,exp
POMS,Fatigue,Season,Spring; Summer,-0.18233907924991127,-3.8862873181079367,3.521609159608114,0.6441535557,0,0,2,NA,,exp
POMS,Fatigue,Season,Spring; Summer; Winter,-0.4456593728734905,-0.5912753158728788,-0.30004342987410215,0.0010518345,0,0,5,NA,**,exp
POMS,TMD,Season,Winter,-2.121465008957845,-5.440900388297429,1.1979703703817397,0.1107133058,0.92,0,3,NA,,exp
POMS,TMD,Season,Spring,-0.7182377852403018,-1.0301320336245203,-0.4063435368560832,9.607834e-4,0.95,0,8,NA,***,exp
POMS,TMD,Season,Fall,-0.8583604409125812,-1.1705445525998996,-0.5461763292252628,4.90363e-5,0.85,0,16,NA,***,exp
POMS,TMD,Season,Spring; Summer; Fall,-0.22978156914725545,-0.41809777764410383,-0.04146536065040704,0.0234735289,0.11,0,8,NA,*,exp
POMS,TMD,Season,Summer; Fall,-0.7223887102884553,-4.294619817916614,2.8498423973397036,0.2362788007,0.73,0,2,NA,,exp
POMS,TMD,Season,Summer,-0.9657313701254958,-9.474043591292748,7.542580851041756,0.3859628924,0.7,0,2,NA,,exp
POMS,TMD,Season,Spring; Fall,-0.1617745708685615,-0.27482631084634446,-0.04872283089077853,0.0349779177,0,0,2,NA,*,exp
POMS,TMD,Season,Spring; Summer,-0.44917462896660715,-2.0030311652095354,1.104681907276321,0.1692229238,0,0,2,NA,,exp
POMS,TMD,Season,Spring; Summer; Winter,-0.39038451824305864,-0.5620039262844466,-0.2187651102016707,0.0032149744,0,0,5,NA,**,exp
POMS,Vigor,Season,Fall,2.151805450355486,1.399441057166681,2.9041698435442913,8.453e-7,0.96,0,43,NA,***,exp
POMS,Vigor,Season,Winter,2.527305446349706,-6.8889995630885394,11.943610455787951,0.3675058978,0.97,0,3,NA,,exp
POMS,Vigor,Season,Summer,1.9469345804351401,1.2691269797653042,2.624742181104976,1.56565e-5,0.94,0,17,NA,***,exp
POMS,Vigor,Season,Spring,0.3495191122209728,0.17682297865776617,0.5222152457841794,7.551681e-4,0.65,0,14,NA,***,exp
POMS,Vigor,Season,Summer; Fall,0.546794994947633,0.28763240316199523,0.8059575867332707,0.0028868206,0.29,0,6,NA,**,exp
POMS,Vigor,Season,Spring; Fall,0.16681794843356193,-1.0066988182637193,1.3403347151308431,0.3218983061,0,0,2,NA,,exp
POMS,Vigor,Season,Spring; Summer,0.22912680385111825,-0.6776466602344439,1.1359002679366803,0.1922211255,0,0,2,NA,,exp
POMS,Vigor,Season,Spring; Summer; Winter,0.19397810833912707,-0.041213832847648624,0.42917004952590276,0.0838649269,0,0,5,NA,,exp
POMS,Anger,subgroup_design,2ba,-0.5693296823413444,-0.7612312405540794,-0.3774281241286094,2.1871e-6,0.77,1e-10,26,NA,***,exp
POMS,Anger,subgroup_design,1ba,-0.27751557253974324,-0.35954395743955714,-0.19548718763992937,2.32e-8,0.44,1e-10,44,NA,***,exp
POMS,Anger,subgroup_design,2aa,-1.4603205190197248,-1.8320098573547101,-1.0886311806847395,1.91e-8,0.87,1e-10,27,NA,***,exp
POMS,Anxiety,subgroup_design,2ba,-1.0296016680238105,-1.4719318732186069,-0.5872714628290141,6.35558e-5,0.94,9.736998e-4,26,NA,***,exp
POMS,Anxiety,subgroup_design,1ba,-0.5629297302876233,-0.6805110197190527,-0.44534844085619385,0,0.73,9.736998e-4,43,NA,***,exp
POMS,Anxiety,subgroup_design,2aa,-1.130140944347054,-1.4678149375468448,-0.7924669511472633,2.232e-7,0.81,9.736998e-4,28,NA,***,exp
POMS,Confusion,subgroup_design,1ba,-0.4871625361091233,-0.598361674360984,-0.3759633978572627,0,0.69,3.198e-7,42,NA,***,exp
POMS,Confusion,subgroup_design,2ba,-0.9762814156810545,-1.3279752924522454,-0.6245875389098637,5.9058e-6,0.94,3.198e-7,26,NA,***,exp
POMS,Confusion,subgroup_design,2aa,-1.453764542538253,-1.838042513642628,-1.0694865714338782,3e-8,0.87,3.198e-7,27,NA,***,exp
POMS,Depression,subgroup_design,2ba,-0.776153629812273,-1.0573996975055497,-0.49490756211899617,6.4309e-6,0.9,0.0196168342,26,NA,***,exp
POMS,Depression,subgroup_design,1ba,-0.4285667258658818,-0.5423488502333901,-0.3147846014983735,1.8e-9,0.67,0.0196168342,44,NA,***,exp
POMS,Depression,subgroup_design,2aa,-0.7600825718453553,-1.122868685566364,-0.39729645812434666,2.093831e-4,0.86,0.0196168342,27,NA,***,exp
POMS,Fatigue,subgroup_design,1ba,-0.5217349885142961,-0.6428793394864423,-0.4005906375421499,1e-10,0.78,3.239523e-4,44,NA,***,exp
POMS,Fatigue,subgroup_design,2ba,-0.7402880507661712,-0.9992873067228438,-0.48128879480949865,3.8409e-6,0.85,3.239523e-4,26,NA,***,exp
POMS,Fatigue,subgroup_design,2aa,-1.1598449450427495,-1.4735569158433959,-0.8461329742421031,4.57e-8,0.78,3.239523e-4,27,NA,***,exp
POMS,TMD,subgroup_design,1ba,-0.5344163692491675,-0.6966948500999831,-0.3721378883983518,4.972e-7,0.77,0.1062659636,27,NA,***,exp
POMS,TMD,subgroup_design,2ba,-0.7735402549753877,-1.0522831365747936,-0.4947973733759819,3.53532e-5,0.84,0.1062659636,15,NA,***,exp
POMS,TMD,subgroup_design,2aa,-1.1822805308382291,-2.144035412031758,-0.22052564964470023,0.0227634567,0.82,0.1062659636,8,NA,*,exp
POMS,Vigor,subgroup_design,1ba,0.7456906327406073,0.4885025890752255,1.0028786764059892,7.439e-7,0.91,8.01077e-5,41,NA,***,exp
POMS,Vigor,subgroup_design,2ba,1.0375534845847354,0.5002735914746187,1.5748333776948522,5.2528e-4,0.93,8.01077e-5,26,NA,***,exp
POMS,Vigor,subgroup_design,2aa,3.0970761784391985,2.0074559075161575,4.186696449362239,3.2975e-6,0.95,8.01077e-5,28,NA,***,exp
PSS,Stress,age_group,Adults,-0.15549145913851598,-0.4292426300370208,0.11825971175998884,0.2266175507,0.48,0.3639924626,9,NA,,exp
PSS,Stress,age_group,Young adults,-0.25291719324093503,-0.4370310830659706,-0.06880330341589949,0.0070939398,NA,0.3639924626,1,NA,**,exp
PSS,Stress,age_group,Older adults,-0.3789261776911035,-0.6729219314437441,-0.08493042393846284,0.0231984729,0.39,0.3639924626,5,NA,*,exp
PSS,Stress,density_class,Medium density,-0.5369849823901474,-0.8914188388014894,-0.18255112597880524,0.0169993655,0,5.4967e-6,4,NA,*,exp
PSS,Stress,density_class,High density,0.11106498921226393,-0.27204056426735623,0.4941705426918841,0.3385173992,0,5.4967e-6,3,NA,,exp
PSS,Stress,duration_group,>45,-0.4283313118334655,-0.598153567056671,-0.25850905661026,5.620473e-4,0,5.8694e-6,8,NA,***,exp
PSS,Stress,duration_group,16-45,0.11106498921226393,-0.27204056426735623,0.4941705426918841,0.3385173992,0,5.8694e-6,3,NA,,exp
PSS,Stress,duration_group,<= 15,-0.3789261776911035,-0.6729219314437441,-0.08493042393846284,0.0231984729,0.39,5.8694e-6,5,NA,*,exp
PSS,Stress,exposure_o2,L4 - physical activity in nature,-0.202910676656814,-0.4385634414278775,0.0327420881142495,0.0823315676,0.59,0.0035014895,9,NA,,exp
PSS,Stress,exposure_o2,L4 - stay static in nature,-0.5722962253062142,-0.8038836816562742,-0.3407087689561541,0.0087297072,0,0.0035014895,3,NA,**,exp
PSS,Stress,exposure_o2,L5 - nature participatory activities,-0.34660782686442887,-0.6848147144175121,-0.008400939311345723,0.0462853371,0.44,0.0035014895,6,NA,*,exp
PSS,Stress,gender_group,Gender Balance,-0.04714541567940649,-0.3275480969453684,0.2332572655865554,0.6649233204,0.43,0.0039660558,5,NA,,exp
PSS,Stress,gender_group,Female > 60%,-0.40949844428377064,-0.5728501884320694,-0.24614670013547185,1.448469e-4,0.25,0.0039660558,13,NA,***,exp
PSS,Stress,nature_type_o2,Bluespace,-0.19251686681039604,-0.4789115643867113,0.09387783076591921,0.0741972444,0,0.0250734989,2,NA,,exp
PSS,Stress,nature_type_o2,Greenspace,-0.1574766668188184,-0.4053719542787758,0.09041862064113904,0.1767591169,0.46,0.0250734989,8,NA,,exp
PSS,Stress,nature_type_o2,Greenspace - Garden,-0.39702223144360627,-0.8779422367067528,0.08389777381954022,0.0836645569,0.52,0.0250734989,5,NA,,exp
PSS,Stress,nature_type_o2,Greenspace - Park,-0.3375242375064256,-0.6630151309353824,-0.012033344077468755,0.0421107984,NA,0.0250734989,1,NA,*,exp
PSS,Stress,nature_type_o2,Greenspace - Street trees,-0.5854477980575991,-0.9176875695008531,-0.25320802661434505,5.529515e-4,NA,0.0250734989,1,NA,***,exp
PSS,Stress,nature_type_o2,Greenspace - Farmland,-0.6347680570762145,-0.9958882008337121,-0.27364791331871696,5.706872e-4,NA,0.0250734989,1,NA,***,exp
PSS,Stress,Region,Europe,-0.42071964036029047,-0.5978853811713927,-0.24355389954918824,5.901577e-4,0.1,2.51703e-5,9,NA,***,exp
PSS,Stress,Region,Oceania,-0.5722962253062142,-0.8038836816562742,-0.3407087689561541,0.0087297072,0,2.51703e-5,3,NA,**,exp
PSS,Stress,Region,Asia,0.029558085642068813,-0.3185970457124906,0.3777132169966282,0.8252285868,0.36,2.51703e-5,5,NA,,exp
PSS,Stress,Region,North America,-0.25291719324093503,-0.4370310830659706,-0.06880330341589949,0.0070939398,NA,2.51703e-5,1,NA,**,exp
PSS,Stress,Season,Spring; Summer,-0.2301662568626483,-0.9257116507590921,0.4653791370337956,0.5166091962,NA,2.0276e-6,1,NA,,exp
PSS,Stress,Season,Winter,0.11106498921226393,-0.27204056426735623,0.4941705426918841,0.3385173992,0,2.0276e-6,3,NA,,exp
PSS,Stress,Season,Fall,-0.25291719324093503,-0.4370310830659706,-0.06880330341589949,0.0070939398,NA,2.0276e-6,1,NA,**,exp
PSS,Stress,Season,Spring,-0.6062823819807504,-1.0316941007401312,-0.1808706632213694,0.0255787934,0,2.0276e-6,3,NA,*,exp
PSS,Stress,subgroup_design,1ba,-0.27414607868384844,-0.4810227040067424,-0.0672694533609545,0.0212178685,0,0.9209540821,5,NA,*,exp
PSS,Stress,subgroup_design,2aa,-0.3124840209426398,-0.5600085972029047,-0.06495944468237475,0.0203646523,0.53,0.9209540821,8,NA,*,exp
PSS,Stress,subgroup_design,2ba,-0.37232672556436597,-1.6805957820906436,0.9359423309619116,0.3454171295,0.77,0.9209540821,3,NA,,exp
ROS,Restorative Effect,age_group,Young adults,1.4937648554646132,1.2338815543118422,1.7536481566173843,0,0.92,6.9474e-6,60,NA,***,exp
ROS,Restorative Effect,age_group,Adults,0.8236432683176886,0.6726203341814864,0.9746662024538909,0,0.64,6.9474e-6,29,NA,***,exp
ROS,Restorative Effect,density_class,High density,1.9466282978571623,1.6406380214719787,2.2526185742423457,0,0.93,1e-10,38,NA,***,exp
ROS,Restorative Effect,density_class,Medium density,0.8079482157681181,0.6064323778547872,1.0094640536814492,3.9e-9,0.73,1e-10,35,NA,***,exp
ROS,Restorative Effect,density_class,Low density,0.5972661261864433,0.23128452832666208,0.9632477240462245,0.0013810794,NA,1e-10,1,NA,**,exp
ROS,Restorative Effect,duration_group,16-45,1.18865309963671,0.8808645065516088,1.4964416927218112,8e-10,0.89,0.0430025492,49,NA,***,exp
ROS,Restorative Effect,duration_group,<= 15,1.198300176511466,1.0097675233139318,1.3868328297090002,0,0.91,0.0430025492,28,NA,***,exp
ROS,Restorative Effect,duration_group,>45,1.9506373011877836,1.3176539594682237,2.583620642907343,2.15121e-5,0.9,0.0430025492,13,NA,***,exp
ROS,Restorative Effect,exposure_o2,L4 - stay static in nature,1.4094368840320322,1.039665680684026,1.7792080873800382,2.08e-8,0.92,0.4265262986,30,NA,***,exp
ROS,Restorative Effect,exposure_o2,L4 - physical activity in nature,1.238741130337779,1.0051626548913966,1.4723196057841617,0,0.9,0.4265262986,60,NA,***,exp
ROS,Restorative Effect,gender_group,Gender Balance,1.574556723686386,1.309130063283558,1.839983384089214,0,0.91,1.9964e-6,32,NA,***,exp
ROS,Restorative Effect,gender_group,Male > 60%,0.8449927928241477,0.5809992197894658,1.1089863658588297,2.288359e-4,0.36,1.9964e-6,7,NA,***,exp
ROS,Restorative Effect,gender_group,Female > 60%,0.8324597728216391,0.6771874227316951,0.9877321229115831,0,0.64,1.9964e-6,30,NA,***,exp
ROS,Restorative Effect,nature_type_o2,Greenspace - Forest,1.4781943605918209,1.2041272492138542,1.7522614719697875,0,0.91,0,56,NA,***,exp
ROS,Restorative Effect,nature_type_o2,Greenspace - Street trees,1.109937424960881,0.7004534664955337,1.5194213834262285,9.37438e-5,0.93,0,12,NA,***,exp
ROS,Restorative Effect,nature_type_o2,Greenspace,0.2627548599464191,0.16867249580074978,0.35683722409208846,0.0179352245,0,0,2,NA,*,exp
ROS,Restorative Effect,nature_type_o2,Greenspace - Park,0.9192689475652438,0.6745073340110045,1.1640305611194832,1.2638e-6,0.72,0,19,NA,***,exp
ROS,Restorative Effect,nature_type_o2,Bluespace,1.2013993427123504,0.7109386814770358,1.691860003947665,1.5788e-6,NA,0,1,NA,***,exp
ROS,Restorative Effect,Region,Asia,1.7943963768729354,1.5055489260171568,2.083243827728714,0,0.92,2e-10,44,NA,***,exp
ROS,Restorative Effect,Region,Europe,0.7786105700693591,0.6362708124800797,0.9209503276586385,0,0.68,2e-10,46,NA,***,exp
ROS,Restorative Effect,Season,Summer,2.385781320373329,2.06524587850022,2.7063167622464377,0,0.79,0,29,NA,***,exp
ROS,Restorative Effect,Season,Spring,1.3169074301680936,1.1621307569157846,1.4716841034204027,0,0.85,0,17,NA,***,exp
ROS,Restorative Effect,Season,Fall,0.6018643340663802,0.23292836542302425,0.970800302709736,0.0031125632,0.92,0,18,NA,**,exp
ROS,Restorative Effect,Season,Summer; Fall,0.9276338433023215,0.7005961048962325,1.1546715817084103,1.32162e-5,0.37,0,9,NA,***,exp
ROS,Restorative Effect,Season,Spring; Summer; Fall,0.7121918514402346,0.6075576048470257,0.8168260980334434,3e-10,0.32,0,16,NA,***,exp
ROS,Restorative Effect,subgroup_design,1ba,1.023421071073591,0.7873143340227808,1.259527808124401,9e-10,0.85,0.0454057931,30,NA,***,exp
ROS,Restorative Effect,subgroup_design,2ba,1.6610216646701899,1.1849075235224489,2.137135805817931,1.068e-7,0.93,0.0454057931,28,NA,***,exp
ROS,Restorative Effect,subgroup_design,2aa,1.2281551481923978,0.8313340522157898,1.6249762441690057,4.0958e-6,0.92,0.0454057931,19,NA,***,exp
STAI,Anxiety,age_group,Young adults,-1.054694908032181,-1.3888757028254095,-0.7205141132389525,5.288e-7,0.97,8.534344e-4,29,NA,***,exp
STAI,Anxiety,age_group,Older adults,-0.4116816300067123,-0.5438704268683477,-0.2794928331450769,4.912688e-4,0,8.534344e-4,6,NA,***,exp
STAI,Anxiety,age_group,Adults,-0.46044426544920547,-1.0296049004784684,0.10871636958005748,0.095086782,0.77,8.534344e-4,7,NA,,exp
STAI,Anxiety,density_class,High density,-1.2196117870627776,-1.583452554004162,-0.8557710201213933,4.548e-7,0.97,1.951512e-4,24,NA,***,exp
STAI,Anxiety,density_class,Medium density,-0.36603292391585834,-0.6860179460733089,-0.04604790175840773,0.0283094362,0.74,1.951512e-4,13,NA,*,exp
STAI,Anxiety,duration_group,<= 15,-1.219636188871485,-1.560307412514097,-0.878964965228873,1.25e-7,0.97,1.17e-8,25,NA,***,exp
STAI,Anxiety,duration_group,16-45,-0.19208839258770238,-0.3337934191127573,-0.05038336606264751,0.0175726965,0,1.17e-8,6,NA,*,exp
STAI,Anxiety,duration_group,>45,-0.6898558541935771,-1.4035965194864901,0.023884811099335823,0.0561794381,0.88,1.17e-8,8,NA,,exp
STAI,Anxiety,exposure_o2,L4 - physical activity in nature,-0.9409658289516778,-1.2264187098045924,-0.6555129480987631,8.52e-8,0.97,0.0021094576,37,NA,***,exp
STAI,Anxiety,exposure_o2,L4 - stay static in nature,-0.7337542200044685,-2.768241114973627,1.3007326749646895,0.2608898633,0.96,0.0021094576,3,NA,,exp
STAI,Anxiety,exposure_o2,L1 - neighborhood/residential exposure,-0.3629236499741965,-0.5123652279839622,-0.2134820719644308,1.9375e-6,NA,0.0021094576,1,NA,***,exp
STAI,Anxiety,exposure_o2,L3 - view of nature from window,-0.3819250692991625,-0.5261819189976663,-0.23766821960065868,2.113e-7,NA,0.0021094576,1,NA,***,exp
STAI,Anxiety,gender_group,Gender Balance,-0.9365367309596069,-1.3249550393602805,-0.5481184225589334,4.80693e-5,0.98,0.1734120675,24,NA,***,exp
STAI,Anxiety,gender_group,Male > 60%,-1.2164006035438948,-1.9203830387700158,-0.5124181683177739,0.0176158133,0,0.1734120675,3,NA,*,exp
STAI,Anxiety,gender_group,Female > 60%,-0.7555322078393109,-1.1646345886706089,-0.3464298270080128,0.0014207217,0.87,0.1734120675,15,NA,**,exp
STAI,Anxiety,nature_type_o2,Greenspace - Street trees,-1.8986365116905588,-2.469718301683191,-1.3275547216979264,5.92466e-5,0.99,0,9,NA,***,exp
STAI,Anxiety,nature_type_o2,Greenspace,-0.28315837735940136,-0.37554668316301426,-0.19077007155578846,1.053139e-4,0,0,9,NA,***,exp
STAI,Anxiety,nature_type_o2,Greenspace - Park,-0.7928426334954087,-1.1475326976433198,-0.43815256934749774,8.69361e-4,0.03,0,9,NA,***,exp
STAI,Anxiety,nature_type_o2,Greenspace - Forest,-0.7253104305095132,-1.1149058509477068,-0.33571501007131965,0.0013343647,0.88,0,15,NA,**,exp
STAI,Anxiety,Region,Asia,-1.0556379905331816,-1.3591221350134748,-0.7521538460528886,5.71e-8,0.97,2.545e-7,32,NA,***,exp
STAI,Anxiety,Region,Oceania,-0.19208839258770238,-0.3337934191127573,-0.05038336606264751,0.0175726965,0,2.545e-7,6,NA,*,exp
STAI,Anxiety,Region,Europe,-0.6795804443715897,-2.074697076266379,0.7155361875231995,0.2188707731,0.86,2.545e-7,4,NA,,exp
STAI,Anxiety,Season,Spring,-1.6256751564089005,-2.171741456984027,-1.079608855833774,4.12156e-5,0.98,0,12,NA,***,exp
STAI,Anxiety,Season,Spring; Summer,-0.20647644248737876,-0.3338127295666695,-0.07914015540808803,0.0073865368,0,0,7,NA,**,exp
STAI,Anxiety,Season,Fall,-0.8848553609965152,-1.5038282683550128,-0.26588245363801744,0.01091473,0.85,0,9,NA,*,exp
STAI,Anxiety,Season,Spring; Summer; Winter,-0.4299469217755582,-0.613294767041766,-0.24659907650935042,0.0028724096,0,0,5,NA,**,exp
STAI,Anxiety,Season,Summer,-0.061836025509959404,-0.3068909358425845,0.18321888482266566,0.6209049048,NA,0,1,NA,,exp
STAI,Anxiety,Season,Summer; Fall,-1.6471818664656996,-2.046526549560536,-1.2478371833708635,0,NA,0,1,NA,***,exp
STAI,Anxiety,subgroup_design,1ba,-0.7730972829790438,-1.2410359038938645,-0.3051586620642231,0.0036479793,0.95,0.8110113414,13,NA,**,exp
STAI,Anxiety,subgroup_design,2ba,-0.9661212950519574,-1.6721834750178841,-0.26005911508603063,0.0134890148,0.97,0.8110113414,9,NA,*,exp
STAI,Anxiety,subgroup_design,2aa,-0.9383990583176293,-1.3399463425417317,-0.5368517740935268,1.01389e-4,0.98,0.8110113414,20,NA,***,exp
SVS,Vitality,age_group,Young adults,1.4477139945062845,1.116998522738895,1.778429466273674,0,0.93,1.043e-7,55,NA,***,exp
SVS,Vitality,age_group,Adults,0.5281219891443005,0.39507439947965534,0.6611695788089458,1.551765e-4,0,1.043e-7,6,NA,***,exp
SVS,Vitality,density_class,High density,2.2163432358135196,1.7805941115910153,2.6520923600360238,0,0.95,0,30,NA,***,exp
SVS,Vitality,density_class,Medium density,0.5792250839754366,0.46517954396087247,0.6932706239900007,1e-10,0.35,0,28,NA,***,exp
SVS,Vitality,density_class,Low density,0.3848459317275367,0.0236040918272033,0.7460877716278702,0.036795037,NA,0,1,NA,*,exp
SVS,Vitality,duration_group,16-45,1.4180988212490127,0.8790827884810032,1.9571148540170222,1.14897e-5,0.93,0,27,NA,***,exp
SVS,Vitality,duration_group,<= 15,0.7529732163528613,0.6480908732007096,0.857855559505013,0,0.72,0,24,NA,***,exp
SVS,Vitality,duration_group,>45,2.7554777672843,2.0758083554354885,3.4351471791331116,7.317e-6,0.85,0,10,NA,***,exp
SVS,Vitality,exposure_o2,L4 - physical activity in nature,1.2708395282590752,0.9164475135730475,1.625231542945103,4.8e-9,0.92,0.3468188485,46,NA,***,exp
SVS,Vitality,exposure_o2,L4 - stay static in nature,1.6034166132009393,0.9457983519600557,2.261034874441823,1.275355e-4,0.92,0.3468188485,15,NA,***,exp
SVS,Vitality,gender_group,Gender Balance,1.6137908613254932,1.1125110636997997,2.1150706589511867,1.034e-6,0.94,1.213957e-4,23,NA,***,exp
SVS,Vitality,gender_group,Male > 60%,0.5520493373465452,0.3522720677948866,0.7518266068982037,3.235712e-4,0.19,1.213957e-4,8,NA,***,exp
SVS,Vitality,gender_group,Female > 60%,0.5736425171842079,0.42465117782713624,0.7226338565412795,2.04761e-5,0.04,1.213957e-4,9,NA,***,exp
SVS,Vitality,nature_type_o2,Greenspace - Forest,1.606412703842342,1.2254304227701724,1.9873949849145114,1e-10,0.93,4.244e-7,46,NA,***,exp
SVS,Vitality,nature_type_o2,Greenspace - Street trees,0.7374393612738388,0.5602625733947968,0.9146161491528808,1.762e-6,0.83,4.244e-7,12,NA,***,exp
SVS,Vitality,nature_type_o2,Greenspace - Park,0.49985188495247757,0.15308446325674407,0.8466193066482111,0.0250251435,0,4.244e-7,3,NA,*,exp
SVS,Vitality,Region,Asia,1.8621931425391869,1.452598174631842,2.271788110446532,0,0.95,8e-10,38,NA,***,exp
SVS,Vitality,Region,Europe,0.5539704048992703,0.41706615864671026,0.6908746511518303,2.65e-8,0.41,8e-10,23,NA,***,exp
SVS,Vitality,Season,Summer,2.8569362111383665,2.5130953421660718,3.200777080110661,0,0.77,0,21,NA,***,exp
SVS,Vitality,Season,Spring,0.8429526730729842,0.7387647181138711,0.9471406280320972,0,0.74,0,16,NA,***,exp
SVS,Vitality,Season,Fall,0.24497205485659324,0.15516919998274387,0.3347749097304426,1.645208e-4,0,0,10,NA,***,exp
SVS,Vitality,Season,Summer; Fall,0.5520493373465452,0.3522720677948866,0.7518266068982037,3.235712e-4,0.19,0,8,NA,***,exp
SVS,Vitality,Season,Spring; Summer; Fall,0.5281219891443005,0.39507439947965534,0.6611695788089458,1.551765e-4,0,0,6,NA,***,exp
SVS,Vitality,subgroup_design,1ba,1.127313564777058,0.7242958878850074,1.5303312416691086,6.7842e-6,0.9,0.2372117193,24,NA,***,exp
SVS,Vitality,subgroup_design,2ba,1.7221374411222203,1.0940012886672106,2.35027359357723,1.16751e-5,0.94,0.2372117193,22,NA,***,exp
SVS,Vitality,subgroup_design,2aa,1.1774249998434496,0.5516148378732749,1.8032351618136242,0.0012281145,0.89,0.2372117193,15,NA,**,exp
